dataSet,num_nodes,num_edges,dtc
amazon0505,410236,410236,13.263615608215332
packing-500x100x100-b050,2145852,2145852,80.32557678222656
com-Orkut,3072441,3072441,727.3587646484375
